player_name,player_id,year,xwoba,xba,xslg,xiso,xobp,brl,brl_percent,exit_velocity,max_ev,hard_hit_percent,k_percent,bb_percent,whiff_percent,chase_percent,arm_strength,sprint_speed,oaa,bat_speed,squared_up_rate,swing_length
"Wagner, Will",695238,2026,,,,,,,,,4,,,,,,,22,,,,
"Ingle, Cooper",694876,2026,,,,,,,,,12,,,,,,,12,,,,
"McCarthy, Jake",664983,2026,42.0,71.0,47.0,33.0,38.0,31.0,26.0,5.0,46,4.0,70.0,12.0,59.0,18.0,15.0,99,72.0,32.0,49.0,68.0
"Ohtani, Shohei",660271,2026,98.0,94.0,98.0,98.0,98.0,99.0,96.0,96.0,95,96.0,41.0,94.0,22.0,55.0,,55,,81.0,75.0,4.0
"Encarnacion, Jerar",666464,2026,,,,,,,,,84,,,,,,,31,,,,
"Rodriguez, Jesus",683679,2026,,,,,,,,,25,,,,,,,75,,,,
"Manzardo, Kyle",700932,2026,29.0,13.0,30.0,45.0,31.0,58.0,68.0,50.0,44,46.0,7.0,65.0,19.0,40.0,3.0,11,13.0,17.0,40.0,40.0
"Candelario, Jeimer",600869,2026,,,,,,,,,8,,,,,,,25,,,,
"Wood, James",695578,2026,100.0,86.0,100.0,99.0,99.0,100.0,100.0,100.0,99,100.0,13.0,98.0,17.0,91.0,65.0,52,8.0,95.0,46.0,40.0
"Rocchio, Brayan",677587,2026,34.0,63.0,25.0,17.0,48.0,14.0,12.0,13.0,58,16.0,86.0,25.0,57.0,28.0,41.0,51,99.0,20.0,58.0,51.0
"Vilade, Ryan",668723,2026,,,,,,,,,92,,,,,,69.0,81,,,,
"Tatis Jr., Fernando",665487,2026,83.0,93.0,72.0,50.0,86.0,89.0,72.0,87.0,98,96.0,60.0,48.0,27.0,62.0,94.0,90,87.0,91.0,70.0,51.0
"Crawford, J.P.",641487,2026,61.0,36.0,30.0,28.0,86.0,37.0,35.0,33.0,36,26.0,59.0,94.0,84.0,97.0,19.0,18,1.0,38.0,80.0,40.0
"Diaz, Yainer",673237,2026,,,,,,,,,67,,,,,,,16,,,,
"Call, Alex",669743,2026,,,,,,,,,56,,,,,,62.0,62,,,,
"Lukes, Nathan",664770,2026,15.0,63.0,14.0,4.0,39.0,1.0,2.0,13.0,33,8.0,85.0,12.0,85.0,21.0,87.0,35,70.0,3.0,69.0,99.0
"Volpe, Anthony",683011,2026,,,,,,,,,26,,,,,,17.0,82,94.0,,,
"Gonzales, Nick",693304,2026,53.0,88.0,40.0,16.0,70.0,14.0,12.0,7.0,60,28.0,69.0,25.0,48.0,36.0,33.0,88,16.0,27.0,31.0,40.0
"Hicklen, Brewer",676551,2026,,,,,,,,,52,,,,,,,93,,,,
"Mead, Curtis",678554,2026,85.0,71.0,81.0,75.0,80.0,69.0,72.0,33.0,65,59.0,63.0,73.0,83.0,74.0,11.0,40,1.0,56.0,55.0,68.0
"Thompson, Sterlin",694514,2026,,,,,,,,,67,,,,,,,56,,,,
"Emerson, Colt",806068,2026,,,,,,,,,26,,,,,,24.0,35,28.0,,,
"d'Arnaud, Travis",518595,2026,,,,,,,,,14,,,,,,,5,,,,
"Osuna, Alejandro",696030,2026,,,,,,,,,42,,,,,,48.0,83,5.0,,,
"Arcia, Orlando",606115,2026,,,,,,,,,11,,,,,,,11,,,,
"Tucker, Kyle",663656,2026,60.0,70.0,41.0,26.0,76.0,41.0,27.0,41.0,35,38.0,61.0,81.0,55.0,78.0,62.0,24,8.0,36.0,61.0,40.0
"Raley, Luke",670042,2026,74.0,57.0,89.0,93.0,35.0,75.0,95.0,76.0,93,84.0,6.0,7.0,1.0,24.0,79.0,85,8.0,87.0,8.0,51.0
"Martínez, Angel",682657,2026,34.0,57.0,55.0,53.0,13.0,31.0,51.0,29.0,65,32.0,49.0,1.0,78.0,2.0,92.0,57,68.0,31.0,32.0,51.0
"Collins, Isaac",686555,2026,39.0,31.0,12.0,13.0,67.0,26.0,26.0,37.0,74,48.0,41.0,76.0,62.0,96.0,35.0,55,16.0,67.0,57.0,88.0
"Paredes, Isaac",670623,2026,47.0,36.0,30.0,30.0,65.0,50.0,28.0,14.0,28,11.0,81.0,57.0,89.0,62.0,14.0,6,61.0,4.0,70.0,10.0
"Díaz, Yandy",650490,2026,88.0,95.0,76.0,55.0,92.0,66.0,41.0,79.0,93,83.0,88.0,51.0,94.0,64.0,,20,,71.0,81.0,21.0
"Gurriel Jr., Lourdes",666971,2026,,,,,,,,,24,,,,,,72.0,19,,,,
"Walker, Christian",572233,2026,23.0,14.0,36.0,50.0,18.0,75.0,61.0,50.0,86,55.0,38.0,37.0,20.0,43.0,3.0,16,75.0,74.0,20.0,40.0
"Ruiz, Keibert",660688,2026,7.0,28.0,26.0,31.0,1.0,19.0,24.0,43.0,24,41.0,94.0,3.0,96.0,11.0,,8,,,,
"Jones, Greg",675659,2026,,,,,,,,,52,,,,,,,70,,,,
"Cole, Zach",805904,2026,,,,,,,,,93,,,,,,,67,,,,
"Tena, José",677588,2026,,,,,,,,,94,,,,,,,59,,,,
"Young, Cole",702284,2026,59.0,82.0,58.0,41.0,55.0,41.0,24.0,37.0,76,39.0,70.0,18.0,77.0,39.0,3.0,64,33.0,42.0,64.0,75.0
"Heineman, Tyler",623168,2026,,,,,,,,,11,,,,,,,16,,,,
"Sanoja, Javier",691594,2026,6.0,63.0,6.0,2.0,17.0,2.0,3.0,17.0,44,13.0,99.0,10.0,98.0,4.0,46.0,86,72.0,,,
"Fortes, Nick",663743,2026,8.0,39.0,13.0,11.0,11.0,6.0,7.0,7.0,50,24.0,93.0,1.0,85.0,8.0,,39,,,,
"Gonzalez, Romy",663853,2026,,,,,,,,,41,,,,,,,35,,,,
"Rumfield, TJ",681198,2026,54.0,54.0,39.0,31.0,71.0,41.0,25.0,1.0,35,8.0,85.0,69.0,70.0,44.0,2.0,6,90.0,12.0,42.0,96.0
"Romo, Drew",691011,2026,,,,,,,,,46,,,,,,,22,,,,
"Wade Jr., LaMonte",664774,2026,,,,,,,,,11,,,,,,,13,,,,
"Mack, Joe",691788,2026,,,,,,,,,54,,,,,,,25,,,,
"Norby, Connor",681393,2026,11.0,1.0,7.0,37.0,15.0,19.0,47.0,17.0,29,28.0,10.0,66.0,9.0,65.0,18.0,71,90.0,,,
"Marsh, Brandon",669016,2026,46.0,74.0,63.0,58.0,25.0,70.0,60.0,54.0,65,73.0,21.0,10.0,41.0,10.0,83.0,71,39.0,38.0,43.0,51.0
"Massey, Michael",686681,2026,27.0,39.0,50.0,55.0,11.0,29.0,30.0,65.0,44,48.0,75.0,13.0,75.0,9.0,18.0,40,96.0,47.0,87.0,60.0
"Cortes, Carlos",666126,2026,65.0,75.0,56.0,43.0,72.0,31.0,47.0,65.0,69,47.0,89.0,49.0,73.0,75.0,75.0,18,,,,
"Campusano, Luis",669134,2026,,,,,,,,,64,,,,,,,14,,,,
"Wallner, Matt",670242,2026,,,,,,,,,67,,,,,,98.0,18,,,,
"Barrosa, Jorge",678489,2026,,,,,,,,,13,,,,,,45.0,80,90.0,,,
"Kelly, Carson",608348,2026,56.0,39.0,43.0,42.0,66.0,26.0,30.0,27.0,44,34.0,77.0,76.0,74.0,78.0,,14,,32.0,81.0,75.0
"Dezenzo, Zach",701305,2026,,,,,,,,,22,,,,,,,61,,,,
"Jordan, Blaze",691458,2026,,,,,,,,,67,,,,,,,13,,,,
"Butler, Lawrence",671732,2026,30.0,26.0,17.0,21.0,52.0,21.0,29.0,48.0,87,73.0,21.0,81.0,29.0,82.0,50.0,28,1.0,68.0,8.0,75.0
"Reyes, Felix",694025,2026,,,,,,,,,67,,,,,,,77,,,,
"Crow-Armstrong, Pete",691718,2026,85.0,61.0,80.0,78.0,86.0,78.0,66.0,63.0,95,83.0,24.0,78.0,30.0,21.0,90.0,96,100.0,81.0,19.0,40.0
"Winn, Masyn",691026,2026,25.0,45.0,7.0,4.0,55.0,12.0,11.0,29.0,45,20.0,63.0,46.0,57.0,77.0,97.0,76,97.0,32.0,70.0,51.0
"Loperfido, Joey",694388,2026,,,,,,,,,24,,,,,,33.0,78,,,,
"Perez, Salvador",521692,2026,19.0,21.0,50.0,63.0,5.0,80.0,62.0,43.0,76,57.0,56.0,3.0,42.0,1.0,,1,,42.0,36.0,14.0
"Misner, Kameron",670224,2026,,,,,,,,,3,,,,,,,94,,,,
"Burger, Jake",669394,2026,37.0,28.0,50.0,59.0,19.0,78.0,69.0,65.0,92,79.0,23.0,33.0,7.0,15.0,16.0,46,83.0,88.0,29.0,32.0
"Isbel, Kyle",664728,2026,,,,,,,,,36,,,,,,28.0,51,87.0,,,
"Ward, Ryan",669899,2026,,,,,,,,,44,,,,,,,33,,,,
"Rivas, Leo",660844,2026,,,,,,,,,4,,,,,,43.0,52,63.0,,,
"Fermín, José",665877,2026,,,,,,,,,54,,,,,,70.0,53,30.0,,,
"Betts, Mookie",605141,2026,60.0,80.0,63.0,55.0,58.0,54.0,53.0,73.0,39,37.0,93.0,39.0,96.0,98.0,28.0,28,93.0,,,
"O'Hoppe, Logan",681351,2026,4.0,4.0,15.0,34.0,1.0,47.0,65.0,16.0,94,27.0,31.0,24.0,31.0,22.0,,48,,,,
"Kim, Hyeseong",808975,2026,,,,,,,,,12,,,,,,46.0,87,42.0,,,
"Goodman, Hunter",696100,2026,68.0,33.0,85.0,94.0,35.0,96.0,97.0,81.0,98,79.0,3.0,46.0,4.0,6.0,,50,,88.0,4.0,40.0
"Piñango, Yohendrick",682818,2026,,,,,,,,,96,,,,,,38.0,45,,,,
"Meckler, Wade",685133,2026,,,,,,,,,20,,,,,,75.0,87,,,,
"Young, Jacob",696285,2026,41.0,65.0,46.0,35.0,38.0,41.0,38.0,39.0,65,22.0,67.0,13.0,67.0,68.0,66.0,94,99.0,16.0,96.0,60.0
"Abrams, CJ",682928,2026,78.0,70.0,82.0,78.0,67.0,83.0,69.0,65.0,72,58.0,51.0,44.0,31.0,18.0,41.0,79,1.0,60.0,52.0,14.0
"Amaya, Miguel",665804,2026,,,,,,,,,20,,,,,,,8,,,,
"Gorman, Nolan",669357,2026,8.0,3.0,19.0,48.0,8.0,26.0,57.0,50.0,81,64.0,4.0,71.0,1.0,37.0,36.0,7,71.0,62.0,4.0,21.0
"Bader, Harrison",664056,2026,,,,,,,,,54,,,,,,53.0,53,,,,
"Kreidler, Ryan",668952,2026,,,,,,,,,57,,,,,,61.0,65,47.0,,,
"Hayes, Ke'Bryan",663647,2026,,,,,,,,,50,,,,,,15.0,38,44.0,,,
"Lindor, Francisco",596019,2026,,,,,,,,,76,,,,,,28.0,29,79.0,,,
"Tromp, Chadwick",644433,2026,,,,,,,,,17,,,,,,,3,,,,
"Guzman, Denzer",694203,2026,,,,,,,,,35,,,,,,,62,,,,
"Song, Sung-Mun",823550,2026,,,,,,,,,69,,,,,,10.0,46,87.0,,,
"Pagés, Pedro",686780,2026,,,,,,,,,50,,,,,,,11,,,,
"Straw, Myles",664702,2026,,,,,,,,,42,,,,,,58.0,97,86.0,,,
"Stewart, Sal",701398,2026,76.0,45.0,83.0,88.0,59.0,98.0,90.0,71.0,77,45.0,54.0,69.0,36.0,52.0,21.0,32,49.0,56.0,36.0,21.0
"Huff, Sam",669087,2026,,,,,,,,,16,,,,,,,1,,,,
"Horwitz, Spencer",687462,2026,67.0,28.0,45.0,50.0,78.0,50.0,54.0,16.0,38,20.0,89.0,92.0,93.0,83.0,6.0,4,20.0,13.0,84.0,75.0
"León, Sandy",506702,2026,,,,,,,,,4,,,,,,,1,,,,
"Friedl, TJ",670770,2026,1.0,1.0,1.0,2.0,3.0,5.0,10.0,22.0,25,7.0,40.0,48.0,45.0,72.0,39.0,34,86.0,,,
"Springer, George",543807,2026,34.0,22.0,36.0,45.0,33.0,47.0,51.0,37.0,54,44.0,63.0,59.0,56.0,81.0,,35,,60.0,33.0,40.0
"Neto, Zach",687263,2026,36.0,5.0,49.0,73.0,17.0,86.0,83.0,51.0,60,41.0,7.0,65.0,10.0,17.0,83.0,61,2.0,32.0,18.0,68.0
"Thomas, Lane",657041,2026,58.0,52.0,42.0,35.0,72.0,29.0,38.0,59.0,44,59.0,37.0,84.0,68.0,95.0,93.0,92,7.0,53.0,64.0,85.0
"Beck, Jordan",687597,2026,,,,,,,,,39,,,,,,82.0,72,,,,
"Castellanos, Nick",592206,2026,,,,,,,,,48,,,,,,23.0,47,,,,
"Kemp, Otto",805249,2026,,,,,,,,,7,,,,,,,71,,,,
"Ramírez, Pedro",699393,2026,,,,,,,,,41,,,,,,,62,,,,
"Watson, Kahlil",696135,2026,,,,,,,,,20,,,,,,74.0,75,,,,
"Stowers, Kyle",669065,2026,48.0,22.0,56.0,69.0,41.0,60.0,72.0,85.0,81,97.0,4.0,51.0,4.0,29.0,69.0,29,40.0,86.0,15.0,88.0
"Pereira, Everson",677592,2026,,,,,,,,,44,,,,,,,56,,,,
"Perez, Junior",678577,2026,,,,,,,,,24,,,,,,,42,,,,
"Davis, Henry",680779,2026,,,,,,,,,84,,,,,,,65,,,,
"Goldschmidt, Paul",502671,2026,38.0,25.0,60.0,69.0,14.0,60.0,71.0,12.0,61,33.0,32.0,22.0,38.0,23.0,1.0,10,88.0,38.0,35.0,32.0
"Peña, Jeremy",665161,2026,83.0,99.0,75.0,41.0,87.0,14.0,22.0,27.0,64,44.0,78.0,27.0,33.0,25.0,39.0,93,18.0,53.0,41.0,40.0
"Fermin, Freddy",666023,2026,,,,,,,,,14,,,,,,,43,,,,
"Trammell, Taylor",666211,2026,,,,,,,,,80,,,,,,26.0,42,,,,
"Urías, Luis",649966,2026,,,,,,,,,42,,,,,,,4,,,,
"Kiner-Falefa, Isiah",643396,2026,,,,,,,,,51,,,,,,7.0,52,95.0,,,
"Haase, Eric",606992,2026,,,,,,,,,39,,,,,,,76,,,,
"Lopez, Otto",672640,2026,67.0,94.0,70.0,46.0,55.0,69.0,38.0,54.0,88,55.0,86.0,9.0,70.0,30.0,32.0,79,87.0,47.0,91.0,88.0
"Haggerty, Sam",664059,2026,,,,,,,,,19,,,,,,,72,,,,
"Baty, Brett",683146,2026,34.0,30.0,34.0,36.0,33.0,54.0,56.0,54.0,80,43.0,21.0,46.0,28.0,58.0,25.0,36,25.0,83.0,18.0,40.0
"Edman, Tommy",669242,2026,,,,,,,,,44,,,,,,,52,,,,
"Harper, Bryce",547180,2026,96.0,81.0,91.0,90.0,96.0,83.0,72.0,69.0,92,75.0,54.0,96.0,16.0,24.0,58.0,47,7.0,75.0,21.0,40.0
"Pasquantino, Vinnie",686469,2026,45.0,41.0,43.0,40.0,59.0,41.0,40.0,41.0,39,43.0,72.0,74.0,91.0,44.0,1.0,15,44.0,25.0,72.0,51.0
"Morel, Christopher",666624,2026,,,,,,,,,56,,,,,,,38,,,,
"Antonacci, Sam",803011,2026,81.0,93.0,60.0,33.0,95.0,37.0,32.0,22.0,44,23.0,80.0,30.0,92.0,88.0,73.0,74,7.0,20.0,74.0,88.0
"Aranda, Jonathan",666018,2026,83.0,68.0,72.0,67.0,87.0,75.0,61.0,79.0,77,72.0,43.0,84.0,61.0,60.0,20.0,12,20.0,19.0,78.0,68.0
"Peraza, Oswald",672724,2026,7.0,23.0,20.0,25.0,3.0,31.0,45.0,22.0,67,35.0,11.0,3.0,22.0,12.0,50.0,84,51.0,56.0,9.0,21.0
"Chaparro, Andrés",665953,2026,,,,,,,,,54,,,,,,,7,,,,
"Cook, Billy",695257,2026,,,,,,,,,14,,,,,,,95,,,,
"Hinds, Rece",677956,2026,,,,,,,,,57,,,,,,,78,,,,
"Semien, Marcus",543760,2026,37.0,43.0,49.0,49.0,24.0,50.0,49.0,10.0,33,23.0,47.0,27.0,53.0,52.0,14.0,70,8.0,10.0,61.0,10.0
"Teodosio, Bryce",669326,2026,,,,,,,,,30,,,,,,68.0,96,,,,
"Garver, Mitch",641598,2026,,,,,,,,,70,,,,,,,6,,,,
"Fry, David",681807,2026,,,,,,,,,27,,,,,,90.0,24,,,,
"Clemens, Kody",665019,2026,58.0,45.0,72.0,72.0,31.0,83.0,83.0,92.0,41,75.0,36.0,17.0,39.0,33.0,53.0,60,82.0,47.0,78.0,60.0
"Merrill, Jackson",701538,2026,46.0,44.0,65.0,68.0,24.0,80.0,65.0,61.0,60,77.0,30.0,24.0,37.0,18.0,87.0,89,76.0,67.0,15.0,21.0
"Bailey, Patrick",672275,2026,,,,,,,,,35,,,,,,,10,,,,
"Johnston, Troy",687859,2026,56.0,87.0,37.0,14.0,76.0,6.0,6.0,61.0,37,37.0,74.0,49.0,56.0,20.0,36.0,22,23.0,23.0,85.0,88.0
"Herrera, Iván",671056,2026,61.0,34.0,28.0,27.0,90.0,41.0,25.0,43.0,84,40.0,74.0,74.0,72.0,62.0,,17,,71.0,36.0,10.0
"Koss, Christian",683766,2026,,,,,,,,,35,,,,,,,80,,,,
"Langford, Wyatt",694671,2026,52.0,54.0,70.0,70.0,22.0,31.0,56.0,41.0,76,32.0,52.0,16.0,53.0,61.0,48.0,83,81.0,,,
"Lowe, Brandon",664040,2026,65.0,41.0,76.0,79.0,44.0,88.0,81.0,78.0,75,75.0,18.0,52.0,4.0,25.0,12.0,36,98.0,68.0,29.0,75.0
"Hoerner, Nico",663538,2026,48.0,94.0,26.0,4.0,78.0,2.0,2.0,9.0,20,6.0,100.0,39.0,98.0,42.0,13.0,78,97.0,6.0,98.0,51.0
"Bell, Josh",605137,2026,54.0,48.0,69.0,70.0,27.0,78.0,61.0,63.0,86,63.0,49.0,27.0,46.0,44.0,,20,,47.0,43.0,4.0
"Harris II, Michael",671739,2026,83.0,97.0,90.0,78.0,50.0,89.0,80.0,83.0,97,90.0,61.0,4.0,44.0,2.0,51.0,56,96.0,81.0,42.0,1.0
"Mayo, Coby",691723,2026,21.0,9.0,47.0,68.0,6.0,47.0,72.0,91.0,99,89.0,2.0,30.0,12.0,39.0,80.0,65,15.0,,,
"Sullivan, Brett",664954,2026,,,,,,,,,33,,,,,,,74,,,,
"Rincones Jr., Gabriel",687282,2026,,,,,,,,,87,,,,,,62.0,47,,,,
"Torres, Gleyber",650402,2026,,,,,,,,,29,,,,,,8.0,7,66.0,,,
"Edwards, Xavier",669364,2026,52.0,73.0,34.0,20.0,75.0,31.0,17.0,17.0,46,10.0,90.0,81.0,90.0,87.0,6.0,74,83.0,9.0,92.0,98.0
"Prieto, César",693409,2026,,,,,,,,,50,,,,,,,9,,,,
"Santana, Carlos",467793,2026,,,,,,,,,30,,,,,,,1,,,,
"Smith, Will",669257,2026,,,,,,,,,72,,,,,,,45,,,,
"Garcia, Aramis",605244,2026,,,,,,,,,20,,,,,,,18,,,,
"McNeil, Jeff",643446,2026,31.0,79.0,21.0,7.0,54.0,2.0,3.0,11.0,17,17.0,95.0,27.0,91.0,31.0,13.0,20,22.0,6.0,82.0,60.0
"Scott II, Victor",687363,2026,,,,,,,,,19,,,,,,66.0,98,85.0,,,
"Williamson, Ben",810938,2026,19.0,57.0,14.0,6.0,46.0,2.0,4.0,22.0,54,19.0,65.0,43.0,87.0,43.0,33.0,73,11.0,,,
"Jones, Spencer",682987,2026,,,,,,,,,83,,,,,,77.0,83,,,,
"Lockridge, Brandon",663604,2026,,,,,,,,,69,,,,,,65.0,93,,,,
"McAdoo, Charles",807727,2026,,,,,,,,,35,,,,,,,89,,,,
"Crawford, Justin",702222,2026,5.0,48.0,3.0,1.0,18.0,1.0,2.0,13.0,29,17.0,57.0,14.0,78.0,8.0,26.0,96,30.0,12.0,50.0,75.0
"Caissie, Owen",683357,2026,38.0,11.0,61.0,83.0,8.0,60.0,96.0,86.0,86,85.0,1.0,30.0,3.0,48.0,85.0,73,2.0,83.0,9.0,68.0
"Alvarez, Yordan",670541,2026,100.0,100.0,100.0,100.0,100.0,100.0,99.0,99.0,100,96.0,74.0,96.0,78.0,65.0,41.0,5,,92.0,58.0,21.0
"Keith, Colt",690993,2026,54.0,76.0,63.0,57.0,41.0,47.0,52.0,48.0,58,56.0,62.0,10.0,66.0,85.0,43.0,73,72.0,45.0,93.0,88.0
"Seager, Corey",608369,2026,65.0,18.0,72.0,86.0,54.0,58.0,94.0,81.0,67,70.0,20.0,87.0,6.0,59.0,23.0,5,67.0,,,
"Mateo, Jorge",622761,2026,,,,,,,,,83,,,,,,77.0,100,84.0,,,
"Trevino, Jose",624431,2026,,,,,,,,,14,,,,,,,1,,,,
"Benge, Carson",701807,2026,68.0,88.0,66.0,48.0,67.0,60.0,44.0,48.0,61,48.0,49.0,31.0,67.0,67.0,98.0,83,60.0,32.0,58.0,98.0
"Robert Jr., Luis",673357,2026,,,,,,,,,85,,,,,,56.0,91,,,,
"Wisdom, Patrick",621550,2026,,,,,,,,,54,,,,,,,43,,,,
"Fairchild, Stuart",656413,2026,,,,,,,,,14,,,,,,,54,,,,
"Quero, Edgar",700337,2026,,,,,,,,,25,,,,,,,1,,,,
"Black, Tyler",672012,2026,,,,,,,,,4,,,,,,,69,,,,
"Seigler, Anthony",678011,2026,,,,,,,,,16,,,,,,22.0,9,,,,
"Siri, Jose",642350,2026,,,,,,,,,38,,,,,,93.0,99,,,,
"Crews, Dylan",686611,2026,,,,,,,,,84,,,,,,56.0,93,80.0,,,
"Alonso, Pete",624413,2026,93.0,80.0,91.0,91.0,90.0,88.0,78.0,97.0,95,97.0,28.0,83.0,33.0,69.0,5.0,8,85.0,78.0,36.0,60.0
"Murray, Tanner",695020,2026,,,,,,,,,46,,,,,,,39,,,,
"Wilson, Weston",642215,2026,,,,,,,,,67,,,,,,,54,,,,
"Rosario, Amed",642708,2026,,,,,,,,,83,,,,,,48.0,81,,,,
"Simpson, Chandler",802415,2026,3.0,63.0,1.0,1.0,19.0,1.0,1.0,1.0,8,1.0,99.0,11.0,99.0,48.0,59.0,95,96.0,1.0,99.0,96.0
"Thomas, Alek",677950,2026,,,,,,,,,38,,,,,,26.0,60,,,,
"Arias, Gabriel",672356,2026,,,,,,,,,79,,,,,,80.0,32,,,,
"Hernaiz, Darell",687231,2026,,,,,,,,,45,,,,,,24.0,58,80.0,,,
"Smith, Pavin",656976,2026,,,,,,,,,33,,,,,,,3,,,,
"Rojas, Josh",668942,2026,,,,,,,,,9,,,,,,,15,,,,
"Rogers, Jake",668670,2026,,,,,,,,,54,,,,,,,24,,,,
"Arroyo, Edwin",695490,2026,,,,,,,,,17,,,,,,47.0,85,86.0,,,
"Matthews, Brice",694728,2026,1.0,3.0,16.0,43.0,1.0,26.0,54.0,15.0,75,30.0,8.0,20.0,4.0,76.0,83.0,85,91.0,,,
"Bregman, Alex",608324,2026,31.0,26.0,18.0,22.0,55.0,31.0,17.0,29.0,42,26.0,78.0,74.0,87.0,93.0,25.0,21,90.0,17.0,88.0,75.0
"Feduccia, Hunter",676439,2026,,,,,,,,,39,,,,,,,46,,,,
"Marsee, Jakob",805300,2026,23.0,11.0,2.0,10.0,60.0,12.0,13.0,14.0,74,18.0,45.0,87.0,80.0,87.0,78.0,63,90.0,27.0,57.0,94.0
"Cowser, Colton",681297,2026,44.0,7.0,55.0,74.0,30.0,37.0,66.0,17.0,91,30.0,11.0,83.0,8.0,54.0,88.0,66,93.0,,,
"García Jr., Luis",671277,2026,80.0,95.0,90.0,81.0,48.0,80.0,69.0,86.0,94,77.0,78.0,6.0,76.0,4.0,16.0,27,36.0,68.0,77.0,40.0
"Díaz, Elias",553869,2026,,,,,,,,,82,,,,,,,2,,,,
"Pérez, Wenceel",672761,2026,,,,,,,,,39,,,,,,43.0,74,18.0,,,
"Cox, Jonah",813841,2026,,,,,,,,,16,,,,,,,88,,,,
"Soler, Jorge",624585,2026,23.0,6.0,27.0,52.0,20.0,60.0,76.0,33.0,87,52.0,2.0,61.0,3.0,62.0,,18,,83.0,1.0,4.0
"Johnson, Bryce",669369,2026,,,,,,,,,2,,,,,,,74,,,,
"Buxton, Byron",621439,2026,79.0,54.0,95.0,97.0,38.0,98.0,97.0,76.0,81,83.0,32.0,21.0,17.0,22.0,52.0,98,82.0,73.0,27.0,3.0
"Wilson, Jacob",805779,2026,17.0,82.0,23.0,9.0,25.0,9.0,9.0,1.0,19,8.0,96.0,5.0,94.0,5.0,74.0,43,97.0,1.0,88.0,99.0
"Robinson, Chuckie",642020,2026,,,,,,,,,18,,,,,,,3,,,,
"Albies, Ozzie",645277,2026,13.0,30.0,23.0,25.0,15.0,31.0,17.0,15.0,48,5.0,85.0,22.0,67.0,11.0,1.0,39,73.0,13.0,72.0,60.0
"Caratini, Victor",605170,2026,63.0,43.0,50.0,53.0,70.0,31.0,41.0,56.0,30,39.0,65.0,52.0,64.0,75.0,,2,,,,
"Frazier, Adam",624428,2026,,,,,,,,,13,,,,,,9.0,23,,,,
"Brito, Juan",682877,2026,,,,,,,,,30,,,,,,,28,,,,
"Clarke, Denzel",672016,2026,,,,,,,,,87,,,,,,80.0,81,,,,
"Mayer, Marcelo",691785,2026,1.0,4.0,2.0,13.0,1.0,19.0,28.0,9.0,52,25.0,64.0,25.0,38.0,54.0,17.0,51,44.0,,,
"Conine, Griffin",665052,2026,,,,,,,,,94,,,,,,71.0,26,,,,
"Lawlar, Jordan",691783,2026,,,,,,,,,25,,,,,,,88,,,,
"Arenado, Nolan",571448,2026,26.0,28.0,25.0,28.0,41.0,54.0,45.0,5.0,33,19.0,51.0,49.0,49.0,44.0,38.0,9,92.0,38.0,32.0,1.0
"Farmer, Kyle",571657,2026,,,,,,,,,2,,,,,,,10,,,,
"Varsho, Daulton",662139,2026,19.0,34.0,27.0,27.0,25.0,41.0,37.0,9.0,69,36.0,61.0,36.0,75.0,15.0,13.0,48,89.0,60.0,9.0,14.0
"Workman, Gage",669398,2026,,,,,,,,,51,,,,,,,78,,,,
"Narváez, Carlos",665966,2026,,,,,,,,,65,,,,,,,9,,,,
"Adames, Willy",642715,2026,18.0,14.0,46.0,63.0,3.0,70.0,59.0,32.0,50,45.0,14.0,20.0,26.0,31.0,57.0,60,1.0,53.0,25.0,1.0
"Yoshida, Masataka",807799,2026,50.0,75.0,33.0,19.0,70.0,6.0,10.0,41.0,46,41.0,96.0,49.0,92.0,52.0,,24,,,,
"Higashioka, Kyle",543309,2026,,,,,,,,,30,,,,,,,3,,,,
"Nimmo, Brandon",607043,2026,92.0,95.0,93.0,85.0,83.0,89.0,81.0,89.0,70,94.0,51.0,35.0,57.0,59.0,53.0,70,25.0,53.0,73.0,75.0
"Schwarber, Kyle",656941,2026,92.0,30.0,92.0,97.0,78.0,96.0,98.0,96.0,90,95.0,1.0,93.0,5.0,73.0,,15,,96.0,1.0,32.0
"Riley, Austin",663586,2026,27.0,8.0,42.0,65.0,14.0,78.0,75.0,75.0,83,67.0,13.0,37.0,10.0,34.0,41.0,62,31.0,91.0,14.0,21.0
"Lee, Brooks",686797,2026,7.0,23.0,14.0,18.0,11.0,26.0,15.0,32.0,38,15.0,76.0,26.0,68.0,25.0,38.0,26,3.0,23.0,75.0,75.0
"Contreras, Willson",575929,2026,98.0,85.0,97.0,96.0,93.0,89.0,91.0,76.0,94,82.0,31.0,57.0,20.0,24.0,43.0,47,45.0,96.0,9.0,4.0
"Báez, Javier",595879,2026,,,,,,,,,13,,,,,,70.0,45,,,,
"Witt Jr., Bobby",677951,2026,96.0,99.0,94.0,80.0,96.0,93.0,80.0,95.0,100,94.0,71.0,63.0,46.0,29.0,75.0,99,100.0,70.0,80.0,75.0
"Lile, Daylen",695734,2026,44.0,57.0,56.0,54.0,31.0,72.0,53.0,33.0,57,24.0,67.0,16.0,56.0,12.0,40.0,94,81.0,29.0,63.0,32.0
"Young, Jared",676724,2026,,,,,,,,,92,,,,,,2.0,59,,,,
"Guerrero Jr., Vladimir",665489,2026,69.0,91.0,51.0,24.0,89.0,63.0,40.0,71.0,98,67.0,91.0,69.0,74.0,43.0,18.0,22,91.0,93.0,54.0,32.0
"Azócar, José",640492,2026,,,,,,,,,8,,,,,,,80,,,,
"Basallo, Samuel",694212,2026,65.0,48.0,83.0,85.0,41.0,72.0,85.0,83.0,86,74.0,23.0,43.0,13.0,6.0,,5,,78.0,29.0,21.0
"Matos, Luis",682641,2026,,,,,,,,,15,,,,,,,33,,,,
"Kayfus, CJ",692216,2026,,,,,,,,,15,,,,,,,53,,,,
"Montgomery, Braden",695731,2026,,,,,,,,,36,,,,,,87.0,80,,,,
"Mancini, Trey",641820,2026,,,,,,,,,22,,,,,,,30,,,,
"Barger, Addison",680718,2026,,,,,,,,,39,,,,,,,22,,,,
"Busch, Michael",683737,2026,69.0,24.0,51.0,63.0,82.0,75.0,61.0,37.0,48,46.0,39.0,95.0,43.0,81.0,3.0,17,89.0,8.0,78.0,75.0
"Gasper, Mickey",681508,2026,,,,,,,,,48,,,,,,,34,,,,
"Judge, Aaron",592450,2026,99.0,79.0,99.0,100.0,98.0,83.0,100.0,99.0,98,98.0,17.0,98.0,11.0,73.0,84.0,32,25.0,92.0,24.0,3.0
"Bohm, Alec",664761,2026,28.0,41.0,35.0,31.0,24.0,47.0,26.0,74.0,56,56.0,82.0,17.0,85.0,71.0,20.0,28,4.0,28.0,95.0,60.0
"Freeman, Cody",683227,2026,,,,,,,,,5,,,,,,,26,,,,
"Vientos, Mark",668901,2026,39.0,26.0,74.0,83.0,5.0,50.0,63.0,54.0,67,64.0,33.0,7.0,14.0,16.0,18.0,14,1.0,65.0,32.0,32.0
"Larnach, Trevor",663616,2026,72.0,76.0,56.0,42.0,85.0,47.0,50.0,20.0,50,20.0,72.0,78.0,45.0,56.0,58.0,35,10.0,45.0,43.0,60.0
"Marchán, Rafael",665561,2026,,,,,,,,,12,,,,,,,20,,,,
"Monasterio, Andruw",655316,2026,,,,,,,,,33,,,,,,13.0,41,4.0,,,
"Carrigg, Cole",694249,2026,,,,,,,,,63,,,,,,99.0,89,78.0,,,
"Schuemann, Max",680474,2026,,,,,,,,,20,,,,,,52.0,59,,,,
"Valera, George",671655,2026,,,,,,,,,42,,,,,,,11,,,,
"Schneider, Davis",676914,2026,,,,,,,,,75,,,,,,44.0,36,,,,
"Realmuto, J.T.",592663,2026,44.0,54.0,37.0,28.0,52.0,14.0,20.0,51.0,56,43.0,57.0,27.0,50.0,32.0,,71,,64.0,76.0,40.0
"Mullins, Cedric",656775,2026,2.0,2.0,4.0,26.0,2.0,19.0,17.0,29.0,69,12.0,56.0,44.0,52.0,43.0,37.0,64,95.0,27.0,49.0,40.0
"Williams, Carson",700246,2026,,,,,,,,,65,,,,,,,61,,,,
"Stanton, Giancarlo",519317,2026,,,,,,,,,99,,,,,,,1,,,,
"Urías, Ramón",602104,2026,,,,,,,,,28,,,,,,,33,,,,
"Bogaerts, Xander",593428,2026,46.0,36.0,31.0,31.0,63.0,47.0,30.0,29.0,75,40.0,66.0,76.0,59.0,82.0,34.0,40,96.0,53.0,66.0,40.0
"Arraez, Luis",650333,2026,28.0,90.0,29.0,8.0,50.0,1.0,1.0,17.0,14,2.0,100.0,15.0,100.0,34.0,28.0,32,98.0,1.0,100.0,100.0
"Tolbert, Tyler",686475,2026,,,,,,,,,28,,,,,,,96,,,,
"Lee, Hao-Yu",701678,2026,,,,,,,,,72,,,,,,15.0,72,5.0,,,
"Pages, Andy",681624,2026,67.0,76.0,69.0,62.0,61.0,70.0,52.0,43.0,60,64.0,58.0,37.0,56.0,30.0,96.0,75,92.0,62.0,43.0,14.0
"Dunn, Blake",694362,2026,,,,,,,,,50,,,,,,59.0,97,,,,
"Kurtz, Nick",701762,2026,94.0,48.0,88.0,94.0,98.0,93.0,97.0,96.0,98,99.0,6.0,99.0,2.0,88.0,4.0,30,18.0,99.0,3.0,10.0
"Stubbs, Garrett",596117,2026,,,,,,,,,11,,,,,,,30,,,,
"Reynolds, Bryan",668804,2026,85.0,52.0,69.0,70.0,92.0,78.0,65.0,75.0,93,79.0,34.0,94.0,24.0,83.0,82.0,70,11.0,59.0,27.0,75.0
"Lara, Luis",800325,2026,,,,,,,,,13,,,,,,,65,,,,
"Marte, Starling",516782,2026,,,,,,,,,54,,,,,,,21,,,,
"Torres, Bryan",663494,2026,,,,,,,,,16,,,,,,,44,,,,
"Ewing, A.J.",805999,2026,58.0,68.0,53.0,43.0,61.0,21.0,38.0,56.0,70,60.0,19.0,59.0,45.0,59.0,91.0,95,83.0,,,
"Ibáñez, Andy",628451,2026,,,,,,,,,17,,,,,,,49,,,,
"Giménez, Andrés",665926,2026,3.0,23.0,6.0,12.0,5.0,19.0,15.0,10.0,50,3.0,65.0,2.0,44.0,3.0,61.0,59,99.0,5.0,50.0,75.0
"Soderstrom, Tyler",691016,2026,69.0,61.0,61.0,61.0,76.0,72.0,63.0,69.0,90,70.0,70.0,85.0,69.0,75.0,89.0,43,8.0,75.0,46.0,32.0
"Smith, Dominic",642086,2026,42.0,57.0,44.0,34.0,43.0,21.0,27.0,26.0,52,22.0,86.0,31.0,76.0,34.0,,21,,,,
"Gelof, Zack",680869,2026,15.0,17.0,32.0,45.0,7.0,21.0,34.0,40.0,39,50.0,28.0,14.0,34.0,84.0,12.0,87,47.0,,,
"Turner, Trea",607208,2026,19.0,39.0,31.0,30.0,17.0,60.0,35.0,41.0,65,49.0,44.0,17.0,31.0,20.0,34.0,98,3.0,42.0,53.0,21.0
"Susac, Daniel",691740,2026,,,,,,,,,16,,,,,,,40,,,,
"Mauricio, Ronny",677595,2026,,,,,,,,,76,,,,,,,17,,,,
"Valenzuela, Brandon",678218,2026,,,,,,,,,77,,,,,,,11,,,,
"Naylor, Bo",666310,2026,,,,,,,,,50,,,,,,,50,,,,
"Holliday, Jackson",702616,2026,,,,,,,,,20,,,,,,14.0,82,30.0,,,
"Rice, Ben",700250,2026,95.0,83.0,96.0,95.0,88.0,96.0,94.0,89.0,74,85.0,36.0,80.0,48.0,80.0,1.0,33,10.0,58.0,81.0,21.0
"Meidroth, Chase",805367,2026,14.0,27.0,7.0,10.0,35.0,21.0,15.0,26.0,35,20.0,36.0,52.0,80.0,62.0,9.0,46,89.0,2.0,84.0,96.0
"Muncy, Max",691777,2026,,,,,,,,,77,,,,,,26.0,64,3.0,,,
"Walker, Jordan",691023,2026,91.0,88.0,92.0,87.0,72.0,95.0,88.0,98.0,99,90.0,29.0,41.0,18.0,19.0,99.0,92,5.0,100.0,20.0,1.0
"Shaw, Matt",807713,2026,,,,,,,,,37,,,,,,41.0,91,,,,
"Griffin, Konnor",804606,2026,31.0,33.0,44.0,46.0,22.0,29.0,52.0,26.0,90,30.0,24.0,19.0,13.0,9.0,78.0,99,4.0,90.0,4.0,14.0
"Torkelson, Spencer",679529,2026,50.0,11.0,58.0,76.0,35.0,86.0,91.0,61.0,61,56.0,4.0,71.0,15.0,87.0,1.0,27,1.0,64.0,17.0,10.0
"Joe, Connor",656582,2026,,,,,,,,,35,,,,,,,41,,,,
"Clement, Ernie",676391,2026,6.0,61.0,16.0,9.0,8.0,14.0,7.0,4.0,60,2.0,97.0,2.0,89.0,2.0,11.0,64,7.0,4.0,94.0,68.0
"Hicks, Liam",689414,2026,42.0,50.0,22.0,17.0,63.0,26.0,15.0,6.0,33,12.0,98.0,57.0,98.0,67.0,,16,,8.0,97.0,88.0
"Bericoto, Victor",682674,2026,,,,,,,,,48,,,,,,,44,,,,
"Abreu, Wilyer",677800,2026,75.0,68.0,84.0,84.0,60.0,94.0,83.0,63.0,90,57.0,58.0,59.0,51.0,41.0,98.0,71,92.0,70.0,46.0,60.0
"Pozo, Yohel",650968,2026,,,,,,,,,17,,,,,,,3,,,,
"DeLauter, Chase",800050,2026,73.0,87.0,65.0,48.0,74.0,50.0,33.0,79.0,76,72.0,90.0,52.0,92.0,96.0,62.0,32,,40.0,95.0,68.0
"White, Eli",642201,2026,,,,,,,,,50,,,,,,80.0,99,,,,
"Kwan, Steven",680757,2026,47.0,74.0,8.0,1.0,91.0,1.0,1.0,1.0,6,1.0,98.0,90.0,100.0,94.0,68.0,41,95.0,1.0,100.0,99.0
"Duran, Ezequiel",677649,2026,29.0,52.0,30.0,22.0,35.0,37.0,32.0,38.0,78,30.0,32.0,31.0,35.0,12.0,97.0,90,99.0,58.0,17.0,68.0
"Kelenic, Jarred",672284,2026,,,,,,,,,72,,,,,,,36,,,,
"Suárez, Eugenio",553993,2026,2.0,2.0,10.0,37.0,1.0,41.0,65.0,35.0,76,15.0,1.0,43.0,6.0,40.0,,18,,40.0,6.0,10.0
"Heim, Jonah",641680,2026,,,,,,,,,52,,,,,,,8,,,,
"O'Hearn, Ryan",656811,2026,48.0,50.0,53.0,53.0,44.0,54.0,49.0,61.0,39,73.0,39.0,34.0,59.0,34.0,28.0,34,17.0,29.0,66.0,68.0
"Andujar, Miguel",609280,2026,23.0,71.0,33.0,20.0,27.0,14.0,19.0,35.0,51,26.0,82.0,6.0,81.0,4.0,,50,,36.0,55.0,21.0
"Laureano, Ramón",657656,2026,,,,,,,,,60,,,,,,53.0,67,,,,
"Outman, James",681546,2026,,,,,,,,,33,,,,,,62.0,66,68.0,,,
"Rooker, Brent",667670,2026,,,,,,,,,77,,,,,,,56,,,,
"Hoskins, Rhys",656555,2026,19.0,1.0,13.0,57.0,27.0,50.0,82.0,40.0,84,46.0,7.0,97.0,11.0,92.0,4.0,5,,45.0,20.0,1.0
"Soto, Juan",665742,2026,99.0,98.0,99.0,99.0,100.0,89.0,89.0,91.0,94,87.0,90.0,98.0,70.0,96.0,52.0,17,29.0,50.0,96.0,68.0
"Marte, Ketel",606466,2026,87.0,95.0,87.0,73.0,72.0,89.0,66.0,79.0,99,70.0,83.0,27.0,70.0,35.0,27.0,30,85.0,78.0,73.0,14.0
"McGonigle, Kevin",805808,2026,87.0,75.0,69.0,62.0,93.0,69.0,49.0,32.0,57,33.0,87.0,95.0,89.0,99.0,28.0,72,49.0,36.0,86.0,85.0
"Sánchez, Gary",596142,2026,,,,,,,,,81,,,,,,,2,,,,
"Valdez, Esmerlyn",699013,2026,,,,,,,,,87,,,,,,64.0,68,,,,
"Schneemann, Daniel",682177,2026,12.0,12.0,22.0,36.0,11.0,29.0,47.0,27.0,41,34.0,12.0,46.0,15.0,26.0,93.0,56,93.0,36.0,21.0,75.0
"Robles, Victor",645302,2026,,,,,,,,,29,,,,,,68.0,84,,,,
"Suzuki, Seiya",673548,2026,69.0,61.0,66.0,65.0,72.0,66.0,62.0,48.0,89,50.0,26.0,76.0,42.0,89.0,85.0,63,84.0,65.0,23.0,51.0
"Meadows, Parker",678009,2026,,,,,,,,,17,,,,,,,75,,,,
"Velázquez, Nelson",676369,2026,,,,,,,,,69,,,,,,,57,,,,
"Grichuk, Randal",545341,2026,,,,,,,,,92,,,,,,,49,,,,
"Bazzana, Travis",683953,2026,30.0,17.0,20.0,27.0,50.0,19.0,22.0,35.0,39,28.0,45.0,81.0,41.0,70.0,10.0,79,7.0,17.0,49.0,75.0
"McKinstry, Zach",656716,2026,6.0,18.0,2.0,6.0,22.0,6.0,7.0,4.0,22,1.0,72.0,62.0,87.0,55.0,53.0,63,94.0,10.0,43.0,94.0
"Vaughn, Andrew",683734,2026,,,,,,,,,39,,,,,,2.0,15,,,,
"Carter, Evan",694497,2026,16.0,4.0,10.0,31.0,31.0,21.0,30.0,24.0,41,33.0,35.0,84.0,33.0,98.0,61.0,89,95.0,,,
"Devers, Rafael",646240,2026,48.0,22.0,72.0,85.0,20.0,82.0,71.0,89.0,85,89.0,15.0,52.0,20.0,50.0,21.0,20,50.0,45.0,38.0,32.0
"Cronenworth, Jake",630105,2026,,,,,,,,,50,,,,,,9.0,79,15.0,,,
"France, Ty",664034,2026,59.0,41.0,72.0,74.0,30.0,60.0,79.0,89.0,58,89.0,35.0,9.0,28.0,29.0,8.0,4,93.0,47.0,29.0,21.0
"Wells, Austin",669224,2026,17.0,9.0,21.0,39.0,27.0,14.0,30.0,39.0,70,62.0,22.0,76.0,22.0,56.0,,15,,,,
"Adell, Jo",666176,2026,54.0,67.0,68.0,65.0,27.0,72.0,56.0,56.0,97,61.0,46.0,2.0,38.0,14.0,67.0,69,12.0,97.0,6.0,14.0
"Schanuel, Nolan",694384,2026,61.0,92.0,39.0,14.0,84.0,6.0,5.0,20.0,26,15.0,84.0,49.0,84.0,61.0,10.0,17,84.0,5.0,88.0,88.0
"Nootbaar, Lars",663457,2026,,,,,,,,,88,,,,,,90.0,49,,,,
"Brennan, Will",686823,2026,,,,,,,,,10,,,,,,,75,,,,
"Tovar, Ezequiel",678662,2026,4.0,12.0,24.0,39.0,1.0,41.0,34.0,21.0,52,18.0,26.0,12.0,26.0,1.0,59.0,66,63.0,50.0,5.0,21.0
"Teel, Kyle",691019,2026,,,,,,,,,41,,,,,,,40,,,,
"Short, Zack",670097,2026,,,,,,,,,10,,,,,,53.0,47,,,,
"Castro, Willi",650489,2026,21.0,20.0,29.0,37.0,19.0,41.0,44.0,26.0,83,44.0,17.0,39.0,20.0,10.0,82.0,72,30.0,60.0,3.0,51.0
"Karros, Kyle",691720,2026,69.0,57.0,52.0,46.0,84.0,54.0,54.0,59.0,80,61.0,56.0,87.0,47.0,82.0,51.0,42,76.0,25.0,47.0,75.0
"McGuire, Reese",624512,2026,,,,,,,,,2,,,,,,,7,,,,
"Benintendi, Andrew",643217,2026,54.0,61.0,62.0,61.0,44.0,54.0,57.0,43.0,28,78.0,38.0,43.0,31.0,38.0,,29,,19.0,64.0,68.0
"Bauers, Jake",641343,2026,81.0,45.0,80.0,81.0,82.0,80.0,87.0,91.0,96,95.0,19.0,92.0,31.0,95.0,7.0,41,2.0,95.0,55.0,14.0
"Rojas, Miguel",500743,2026,,,,,,,,,61,,,,,,33.0,19,82.0,,,
"Trout, Mike",545361,2026,98.0,61.0,98.0,98.0,99.0,95.0,98.0,75.0,95,87.0,28.0,100.0,51.0,97.0,68.0,84,16.0,85.0,25.0,32.0
"Walton, Donovan",622268,2026,,,,,,,,,19,,,,,,,27,,,,
"Moreno, Gabriel",672515,2026,93.0,97.0,79.0,57.0,97.0,41.0,44.0,50.0,74,49.0,81.0,85.0,90.0,46.0,,19,,40.0,77.0,75.0
"Halpin, Petey",690984,2026,,,,,,,,,32,,,,,,99.0,78,,,,
"Taylor, Samad",669392,2026,,,,,,,,,10,,,,,,,93,,,,
"Clase, Jonatan",682729,2026,,,,,,,,,11,,,,,,,72,,,,
"Taveras, Leody",665750,2026,14.0,15.0,11.0,19.0,25.0,14.0,19.0,19.0,64,11.0,29.0,62.0,43.0,41.0,91.0,90,14.0,59.0,9.0,32.0
"Shewmake, Braden",669699,2026,,,,,,,,,70,,,,,,53.0,73,,,,
"Duran, Jarren",680776,2026,19.0,18.0,33.0,43.0,13.0,75.0,68.0,59.0,96,41.0,13.0,24.0,6.0,23.0,66.0,92,94.0,85.0,7.0,21.0
"India, Jonathan",663697,2026,,,,,,,,,19,,,,,,,59,,,,
"Carroll, Corbin",682998,2026,72.0,48.0,71.0,71.0,70.0,86.0,78.0,84.0,89,82.0,41.0,75.0,25.0,46.0,38.0,97,97.0,90.0,45.0,32.0
"Kuroda-Grauer, Joshua",811965,2026,,,,,,,,,30,,,,,,,61,,,,
"Beavers, Dylan",687637,2026,,,,,,,,,58,,,,,,81.0,90,,,,
"Domínguez, Jasson",691176,2026,,,,,,,,,72,,,,,,95.0,82,,,,
"Jackson, Alex",656577,2026,,,,,,,,,46,,,,,,,58,,,,
"Bichette, Bo",666182,2026,57.0,87.0,58.0,35.0,53.0,63.0,35.0,61.0,97,58.0,69.0,20.0,81.0,6.0,40.0,19,69.0,20.0,66.0,60.0
"Carpenter, Kerry",681481,2026,22.0,7.0,43.0,67.0,8.0,37.0,63.0,63.0,67,69.0,11.0,27.0,24.0,19.0,62.0,39,,45.0,23.0,40.0
"Torrens, Luis",620443,2026,,,,,,,,,33,,,,,,,30,,,,
"Moniak, Mickey",666160,2026,34.0,22.0,66.0,78.0,6.0,54.0,71.0,56.0,52,63.0,34.0,11.0,30.0,3.0,33.0,74,28.0,75.0,36.0,10.0
"Grisham, Trent",663757,2026,79.0,57.0,76.0,72.0,80.0,70.0,69.0,83.0,79,79.0,77.0,93.0,85.0,100.0,51.0,31,22.0,25.0,99.0,51.0
"Chourio, Jackson",694192,2026,60.0,44.0,79.0,81.0,35.0,75.0,85.0,89.0,91,80.0,27.0,35.0,52.0,28.0,83.0,86,76.0,78.0,53.0,51.0
"Dingler, Dillon",693307,2026,93.0,91.0,96.0,92.0,74.0,83.0,76.0,56.0,72,80.0,53.0,17.0,65.0,26.0,,54,,45.0,64.0,14.0
"Fraley, Jake",641584,2026,,,,,,,,,36,,,,,,77.0,77,,,,
"Gilbert, Drew",687551,2026,16.0,36.0,8.0,6.0,48.0,2.0,4.0,6.0,65,18.0,76.0,39.0,66.0,77.0,74.0,49,71.0,,,
"Smith, Cam",701358,2026,63.0,45.0,74.0,72.0,46.0,80.0,77.0,51.0,96,69.0,33.0,44.0,28.0,55.0,81.0,93,91.0,98.0,9.0,14.0
"Vargas, Miguel",678246,2026,97.0,80.0,97.0,96.0,93.0,99.0,91.0,73.0,89,78.0,75.0,89.0,73.0,93.0,51.0,76,33.0,73.0,72.0,10.0
"Mangum, Jake",663968,2026,13.0,63.0,9.0,3.0,39.0,2.0,4.0,3.0,16,5.0,73.0,9.0,66.0,1.0,70.0,95,64.0,3.0,38.0,94.0
"Montgomery, Colson",695657,2026,54.0,15.0,72.0,87.0,27.0,83.0,87.0,45.0,94,65.0,4.0,44.0,2.0,31.0,18.0,29,92.0,94.0,1.0,4.0
"Bellinger, Cody",641355,2026,78.0,86.0,59.0,39.0,91.0,54.0,30.0,45.0,54,30.0,78.0,87.0,73.0,54.0,94.0,53,94.0,16.0,89.0,4.0
"Jensen, Carter",695600,2026,12.0,6.0,27.0,53.0,7.0,63.0,59.0,75.0,93,60.0,14.0,51.0,28.0,72.0,,60,,71.0,38.0,68.0
"Freeman, Tyler",671289,2026,43.0,73.0,21.0,10.0,65.0,2.0,4.0,29.0,67,24.0,93.0,5.0,96.0,49.0,90.0,57,2.0,,,
"Jiménez, Leo",677870,2026,,,,,,,,,38,,,,,,,67,,,,
"Swanson, Dansby",621020,2026,31.0,13.0,44.0,61.0,22.0,54.0,45.0,59.0,67,58.0,43.0,66.0,20.0,68.0,22.0,78,98.0,40.0,66.0,21.0
"Smith, Josh",669701,2026,,,,,,,,,39,,,,,,5.0,62,20.0,,,
"Church, Nathan",701675,2026,9.0,26.0,26.0,31.0,3.0,37.0,45.0,9.0,65,14.0,56.0,8.0,60.0,1.0,88.0,82,79.0,20.0,15.0,60.0
"Rodríguez, Julio",677594,2026,77.0,83.0,83.0,73.0,63.0,72.0,58.0,71.0,95,70.0,55.0,34.0,36.0,7.0,95.0,89,35.0,94.0,15.0,10.0
"Melendez, MJ",669004,2026,,,,,,,,,81,,,,,,,45,,,,
"Senger, Hayden",663584,2026,,,,,,,,,9,,,,,,,4,,,,
"Mastrobuoni, Miles",670156,2026,,,,,,,,,6,,,,,,,54,,,,
"Yastrzemski, Mike",573262,2026,26.0,17.0,17.0,24.0,43.0,21.0,32.0,71.0,30,62.0,36.0,65.0,53.0,70.0,56.0,44,31.0,36.0,83.0,32.0
"Alcántara, Kevin",682634,2026,,,,,,,,,7,,,,,,,51,,,,
"Jung, Josh",673962,2026,74.0,92.0,62.0,41.0,81.0,50.0,30.0,74.0,65,85.0,70.0,41.0,82.0,58.0,35.0,16,19.0,27.0,89.0,75.0
"Stevens, Chad",677060,2026,,,,,,,,,6,,,,,,,46,,,,
"Okamoto, Kazuma",672960,2026,50.0,10.0,63.0,85.0,20.0,88.0,88.0,79.0,86,77.0,9.0,56.0,8.0,66.0,24.0,25,33.0,65.0,28.0,4.0
"Frelick, Sal",686217,2026,9.0,36.0,6.0,4.0,30.0,6.0,6.0,8.0,30,6.0,96.0,37.0,98.0,85.0,47.0,86,62.0,8.0,97.0,68.0
"Foscue, Justin",679822,2026,,,,,,,,,75,,,,,,8.0,54,,,,
"Ortiz, Joey",687401,2026,34.0,41.0,19.0,17.0,46.0,12.0,17.0,29.0,72,22.0,71.0,57.0,81.0,46.0,46.0,91,98.0,,,
"O'Neill, Tyler",641933,2026,,,,,,,,,74,,,,,,84.0,68,,,,
"Meneses, Joey",608841,2026,,,,,,,,,25,,,,,,,9,,,,
"Vargas, Ildemaro",545121,2026,41.0,87.0,39.0,15.0,52.0,14.0,13.0,23.0,56,20.0,98.0,14.0,94.0,9.0,8.0,45,80.0,29.0,92.0,40.0
"Nishida, Rikuu",807747,2026,,,,,,,,,8,,,,,,,68,,,,
"Nuñez, Nasim",683083,2026,4.0,18.0,1.0,1.0,35.0,1.0,1.0,4.0,20,1.0,47.0,66.0,63.0,71.0,57.0,97,82.0,9.0,25.0,88.0
"Stott, Bryson",681082,2026,48.0,71.0,53.0,40.0,46.0,58.0,41.0,45.0,81,36.0,68.0,27.0,79.0,27.0,32.0,82,92.0,20.0,87.0,51.0
"Polanco, Jorge",593871,2026,,,,,,,,,48,,,,,,,26,,,,
"Loftin, Nick",679845,2026,39.0,36.0,22.0,21.0,55.0,12.0,20.0,23.0,72,11.0,92.0,55.0,94.0,83.0,48.0,73,5.0,,,
"Langeliers, Shea",669127,2026,89.0,78.0,94.0,94.0,65.0,98.0,93.0,87.0,94,73.0,39.0,41.0,30.0,36.0,,81,,87.0,34.0,51.0
"Hays, Austin",669720,2026,,,,,,,,,81,,,,,,,48,,,,
"Williams, Alika",675961,2026,,,,,,,,,22,,,,,,31.0,58,,,,
"Troy, Tommy",694371,2026,,,,,,,,,63,,,,,,20.0,99,,,,
"Escarra, J.C.",641555,2026,,,,,,,,,51,,,,,,,23,,,,
"Naylor, Josh",647304,2026,50.0,83.0,46.0,23.0,61.0,37.0,19.0,23.0,78,26.0,94.0,33.0,81.0,12.0,27.0,4,32.0,24.0,89.0,21.0
"Crooks, Jimmy",699625,2026,,,,,,,,,61,,,,,,,34,,,,
"Caminero, Junior",691406,2026,94.0,88.0,94.0,89.0,93.0,96.0,86.0,96.0,99,93.0,68.0,89.0,61.0,61.0,67.0,25,1.0,100.0,47.0,1.0
"Mountcastle, Ryan",663624,2026,,,,,,,,,75,,,,,,,22,,,,
"Caglianone, Jac",695506,2026,81.0,81.0,90.0,89.0,53.0,89.0,93.0,95.0,98,98.0,14.0,22.0,20.0,14.0,100.0,42,10.0,97.0,22.0,4.0
"Eaton, Nate",681987,2026,,,,,,,,,35,,,,,,,95,,,,
"Jones, Jahmai",663330,2026,,,,,,,,,80,,,,,,,85,,,,
"Acuña Jr., Ronald",660670,2026,94.0,54.0,86.0,91.0,95.0,54.0,85.0,68.0,91,62.0,48.0,96.0,24.0,78.0,96.0,51,10.0,,,
"McCann, James",543510,2026,,,,,,,,,61,,,,,,,9,,,,
"Cauley, Cam",695508,2026,,,,,,,,,7,,,,,,,100,,,,
"Rutschman, Adley",668939,2026,75.0,83.0,62.0,52.0,82.0,37.0,40.0,51.0,67,53.0,86.0,70.0,91.0,77.0,,23,,29.0,91.0,75.0
"Kim, Ha-Seong",673490,2026,,,,,,,,,39,,,,,,56.0,55,,,,
"Cruz, Oneil",665833,2026,84.0,57.0,86.0,91.0,67.0,70.0,96.0,100.0,100,100.0,1.0,70.0,1.0,32.0,100.0,80,19.0,99.0,23.0,21.0
"Wynns, Austin",642851,2026,,,,,,,,,54,,,,,,,5,,,,
"White, Tommy",695720,2026,,,,,,,,,38,,,,,,,36,,,,
"Ramírez, José",608070,2026,81.0,90.0,71.0,55.0,93.0,37.0,33.0,63.0,72,61.0,88.0,89.0,85.0,51.0,39.0,57,92.0,20.0,58.0,60.0
"Grissom, Vaughn",687093,2026,65.0,76.0,59.0,46.0,65.0,26.0,37.0,45.0,46,53.0,82.0,34.0,70.0,59.0,59.0,33,30.0,,,
"García, Adolis",666969,2026,18.0,13.0,24.0,37.0,17.0,31.0,58.0,88.0,83,85.0,4.0,39.0,6.0,50.0,94.0,28,88.0,42.0,41.0,14.0
"Marte, Noelvi",682622,2026,,,,,,,,,88,,,,,,97.0,92,,,,
"Anthony, Roman",701350,2026,,,,,,,,,84,,,,,,86.0,52,,,,
"Alfonzo, Eliezer",672613,2026,,,,,,,,,20,,,,,,,10,,,,
"Wong, Connor",657136,2026,,,,,,,,,42,,,,,,,50,,,,
"Rengifo, Luis",650859,2026,25.0,52.0,17.0,12.0,49.0,14.0,22.0,32.0,54,29.0,95.0,52.0,76.0,51.0,59.0,44,27.0,,,
"Bart, Joey",663698,2026,,,,,,,,,57,,,,,,,29,,,,
"Jarvis, Jim",805347,2026,,,,,,,,,17,,,,,,89.0,68,,,,
"Garcia, Maikel",672580,2026,44.0,81.0,31.0,15.0,59.0,21.0,21.0,68.0,72,50.0,81.0,41.0,95.0,89.0,74.0,57,93.0,,,
"Lee, Jung Hoo",808982,2026,43.0,97.0,37.0,8.0,54.0,11.0,7.0,19.0,35,9.0,97.0,4.0,97.0,39.0,87.0,48,11.0,8.0,98.0,14.0
"Donovan, Brendan",680977,2026,,,,,,,,,58,,,,,,,7,,,,
"Delgado, Raynel",669384,2026,,,,,,,,,12,,,,,,,47,,,,
"Lowe, Josh",666139,2026,,,,,,,,,58,,,,,,78.0,67,65.0,73.0,2.0,32.0
"Ozuna, Marcell",542303,2026,39.0,15.0,48.0,63.0,27.0,29.0,54.0,51.0,76,37.0,9.0,63.0,17.0,70.0,,6,,68.0,11.0,32.0
"Refsnyder, Rob",608701,2026,,,,,,,,,58,,,,,,,38,,,,
"Palacios, Richie",680700,2026,31.0,36.0,9.0,7.0,66.0,9.0,13.0,7.0,29,3.0,67.0,76.0,62.0,38.0,5.0,39,4.0,,,
"Waldschmidt, Ryan",814439,2026,,,,,,,,,46,,,,,,53.0,88,48.0,,,
"Peters, Tristan",671976,2026,30.0,54.0,34.0,25.0,35.0,21.0,22.0,21.0,45,13.0,68.0,21.0,60.0,21.0,48.0,86,97.0,17.0,58.0,88.0
"Meyers, Jake",676694,2026,,,,,,,,,25,,,,,,25.0,66,,,,
"Hedges, Austin",595978,2026,,,,,,,,,58,,,,,,,2,,,,
"Triolo, Jared",669707,2026,11.0,33.0,4.0,3.0,35.0,5.0,7.0,24.0,46,34.0,46.0,35.0,54.0,85.0,62.0,81,41.0,,,
"Vázquez, Christian",543877,2026,,,,,,,,,33,,,,,,,1,,,,
"Vivas, Jorbit",678391,2026,25.0,43.0,11.0,7.0,55.0,9.0,13.0,1.0,45,4.0,92.0,59.0,83.0,69.0,16.0,41,77.0,,,
"Alvarez, Francisco",682626,2026,63.0,36.0,77.0,81.0,39.0,70.0,94.0,69.0,86,65.0,22.0,39.0,10.0,32.0,,12,,73.0,25.0,60.0
"Navarreto, Brian",640459,2026,,,,,,,,,13,,,,,,,13,,,,
"Doyle, Brenton",686668,2026,,,,,,,,,56,,,,,,94.0,86,,,,
"Durán, Rodolfo",660710,2026,,,,,,,,,42,,,,,,,53,,,,
"Cavanaugh, Drew",701852,2026,,,,,,,,,22,,,,,,,12,,,,
"Story, Trevor",596115,2026,,,,,,,,,58,,,,,,19.0,64,18.0,,,
"Freeman, Freddie",518692,2026,95.0,96.0,88.0,75.0,96.0,83.0,62.0,69.0,67,68.0,76.0,75.0,64.0,62.0,22.0,8,87.0,25.0,61.0,94.0
"Tawa, Tim",694374,2026,,,,,,,,,19,,,,,,44.0,49,,,,
"Sánchez, Ali",645305,2026,,,,,,,,,26,,,,,,,13,,,,
"Pratt, Cooper",806198,2026,,,,,,,,,13,,,,,,58.0,87,,,,
"Fernandez, Jose",699912,2026,,,,,,,,,78,,,,,,,96,,,,
"Conforto, Michael",624424,2026,,,,,,,,,54,,,,,,50.0,21,,,,
"Rushing, Dalton",687221,2026,71.0,45.0,61.0,65.0,67.0,41.0,78.0,51.0,54,69.0,15.0,68.0,14.0,49.0,,49,,,,
"Lopez, Nicky",670032,2026,,,,,,,,,10,,,,,,35.0,61,17.0,,,
"Roden, Alan",702176,2026,,,,,,,,,15,,,,,,,37,,,,
"Del Castillo, Adrian",680728,2026,,,,,,,,,36,,,,,,,24,,,,
"Julien, Edouard",666397,2026,69.0,54.0,53.0,50.0,82.0,21.0,40.0,83.0,52,92.0,25.0,92.0,59.0,98.0,11.0,31,11.0,,,
"Arozarena, Randy",668227,2026,78.0,71.0,57.0,49.0,90.0,58.0,47.0,79.0,89,53.0,53.0,63.0,33.0,40.0,32.0,37,16.0,31.0,62.0,60.0
"Rivero, Sebastián",665861,2026,,,,,,,,,24,,,,,,,11,,,,
"Correa, Carlos",621043,2026,,,,,,,,,90,,,,,,73.0,45,,,,
"Lowe, Nathaniel",663993,2026,75.0,65.0,81.0,76.0,67.0,47.0,77.0,45.0,87,50.0,23.0,71.0,62.0,66.0,,13,,77.0,5.0,32.0
"Fulford, Braxton",690924,2026,,,,,,,,,57,,,,,,,76,,,,
"Sheets, Gavin",657757,2026,56.0,31.0,46.0,50.0,64.0,41.0,41.0,29.0,65,47.0,51.0,80.0,69.0,42.0,77.0,31,15.0,75.0,18.0,14.0
"Ramos, Heliot",671218,2026,68.0,82.0,85.0,84.0,31.0,78.0,95.0,92.0,80,91.0,20.0,7.0,27.0,12.0,61.0,44,22.0,52.0,36.0,85.0
"Acuña, Luisangel",682668,2026,,,,,,,,,61,,,,,,68.0,98,20.0,,,
"Schmitt, Casey",669477,2026,80.0,93.0,93.0,87.0,44.0,93.0,81.0,59.0,84,68.0,61.0,1.0,65.0,17.0,71.0,68,76.0,56.0,63.0,21.0
"Olson, Matt",621566,2026,85.0,48.0,93.0,96.0,58.0,96.0,87.0,92.0,79,90.0,34.0,68.0,48.0,66.0,37.0,10,89.0,83.0,34.0,21.0
"Keaschall, Luke",807712,2026,23.0,24.0,12.0,15.0,52.0,12.0,11.0,2.0,32,7.0,80.0,63.0,88.0,91.0,57.0,87,3.0,15.0,69.0,88.0
"Chisholm Jr., Jazz",665862,2026,18.0,8.0,35.0,58.0,13.0,63.0,59.0,76.0,85,52.0,12.0,61.0,14.0,53.0,11.0,79,96.0,62.0,40.0,4.0
"Greene, Riley",682985,2026,89.0,65.0,84.0,86.0,81.0,93.0,90.0,85.0,85,91.0,18.0,86.0,18.0,78.0,31.0,30,74.0,91.0,18.0,51.0
"Hill, Derek",656537,2026,,,,,,,,,61,,,,,,74.0,97,,,,
"Durbin, Caleb",702332,2026,11.0,30.0,9.0,11.0,22.0,11.0,7.0,3.0,37,9.0,91.0,20.0,93.0,56.0,28.0,69,85.0,15.0,84.0,75.0
"Millas, Drew",686452,2026,,,,,,,,,26,,,,,,,55,,,,
"Hamilton, David",666152,2026,2.0,5.0,1.0,10.0,9.0,9.0,15.0,15.0,63,6.0,43.0,52.0,63.0,47.0,61.0,94,6.0,,,
"Sosa, Edmundo",624641,2026,,,,,,,,,79,,,,,,20.0,85,77.0,,,
"Bleday, JJ",668709,2026,89.0,68.0,81.0,76.0,89.0,60.0,66.0,45.0,86,52.0,59.0,91.0,39.0,89.0,79.0,55,26.0,71.0,31.0,51.0
"Dunn, Oliver",686554,2026,,,,,,,,,7,,,,,,,80,,,,
"Sosa, Lenyn",672820,2026,,,,,,,,,35,,,,,,,32,,,,
"Pereda, Jhonny",640902,2026,,,,,,,,,27,,,,,,,2,,,,
"Helman, Michael",680737,2026,,,,,,,,,3,,,,,,,97,,,,
"Sánchez, Jesús",660821,2026,64.0,85.0,77.0,67.0,46.0,50.0,68.0,81.0,84,81.0,46.0,6.0,41.0,6.0,72.0,26,4.0,,,
"Yorke, Nick",694377,2026,,,,,,,,,92,,,,,,,57,,,,
"Turang, Brice",668930,2026,73.0,52.0,67.0,67.0,75.0,66.0,54.0,74.0,61,64.0,31.0,91.0,64.0,84.0,27.0,84,95.0,20.0,66.0,88.0
"Baldwin, Drake",686948,2026,97.0,90.0,96.0,93.0,93.0,89.0,93.0,85.0,88,92.0,54.0,71.0,50.0,28.0,,20,,83.0,52.0,51.0
"Cheng, Tsung-Che",691907,2026,,,,,,,,,8,,,,,,,91,,,,
"Pauley, Graham",688363,2026,,,,,,,,,17,,,,,,,27,,,,
"Lewis, Royce",668904,2026,31.0,16.0,42.0,57.0,21.0,63.0,81.0,45.0,85,49.0,25.0,56.0,7.0,36.0,39.0,60,13.0,78.0,13.0,3.0
"McCutchen, Andrew",457705,2026,,,,,,,,,22,,,,,,,58,,,,
"Harris, Dustin",687957,2026,,,,,,,,,12,,,,,,,84,,,,
"Keys, Sean",815873,2026,,,,,,,,,45,,,,,,,38,,,,
"Freeland, Alex",690976,2026,7.0,8.0,4.0,18.0,15.0,11.0,24.0,39.0,28,30.0,10.0,63.0,22.0,91.0,23.0,36,86.0,,,
"Walls, Taylor",670764,2026,1.0,2.0,1.0,2.0,9.0,6.0,9.0,5.0,20,2.0,27.0,73.0,53.0,80.0,28.0,64,25.0,6.0,58.0,60.0
"Raleigh, Cal",663728,2026,13.0,1.0,20.0,63.0,9.0,54.0,72.0,27.0,63,14.0,6.0,86.0,19.0,15.0,,14,,81.0,1.0,4.0
"Happ, Ian",664023,2026,52.0,6.0,56.0,79.0,48.0,78.0,79.0,56.0,78,57.0,9.0,90.0,12.0,84.0,48.0,63,55.0,50.0,14.0,85.0
"Callihan, Tyler",682997,2026,,,,,,,,,32,,,,,,,69,,,,
"Ward, Taylor",621493,2026,75.0,50.0,36.0,28.0,97.0,41.0,26.0,51.0,57,39.0,58.0,98.0,79.0,100.0,43.0,51,40.0,6.0,94.0,85.0
"Kepler, Max",596146,2026,,,,,,,,,46,,,,,,,23,,,,
"Gonzalez, Jacob",694378,2026,,,,,,,,,58,,,,,,,31,,,,
"Chapman, Matt",656305,2026,12.0,7.0,5.0,20.0,27.0,37.0,34.0,33.0,89,24.0,40.0,69.0,56.0,69.0,66.0,69,89.0,93.0,2.0,40.0
"Steer, Spencer",668715,2026,73.0,45.0,78.0,80.0,55.0,82.0,83.0,59.0,30,41.0,48.0,49.0,44.0,69.0,65.0,82,26.0,32.0,62.0,40.0
"Burleson, Alec",676475,2026,96.0,98.0,98.0,92.0,84.0,93.0,72.0,86.0,80,86.0,81.0,37.0,72.0,19.0,7.0,12,35.0,65.0,83.0,21.0
"Wagaman, Eric",676572,2026,,,,,,,,,65,,,,,,,25,,,,
"Machado, Manny",592518,2026,59.0,28.0,65.0,73.0,49.0,83.0,72.0,71.0,82,65.0,49.0,78.0,37.0,46.0,43.0,6,91.0,77.0,27.0,4.0
"Spence, Lucas",828599,2026,,,,,,,,,32,,,,,,,70,,,,
"Taylor, Tyrone",621438,2026,,,,,,,,,61,,,,,,85.0,91,,,,
"Kirk, Alejandro",672386,2026,,,,,,,,,20,,,,,,,1,,,,
"DeLuca, Jonny",676356,2026,,,,,,,,,51,,,,,,83.0,91,88.0,,,
"Jiménez, Eloy",650391,2026,,,,,,,,,8,,,,,,,19,,,,
"McLain, Matt",680574,2026,45.0,18.0,40.0,54.0,49.0,47.0,57.0,40.0,70,35.0,20.0,78.0,35.0,76.0,47.0,84,83.0,42.0,52.0,85.0
"Contreras, William",661388,2026,64.0,78.0,68.0,60.0,64.0,66.0,44.0,65.0,87,54.0,89.0,48.0,78.0,56.0,,14,,64.0,91.0,60.0
"Rodríguez, Endy",682848,2026,,,,,,,,,37,,,,,,,42,,,,
"Canzone, Dominic",686527,2026,85.0,74.0,89.0,89.0,67.0,75.0,89.0,92.0,96,83.0,54.0,56.0,26.0,27.0,,21,,81.0,78.0,40.0
"Dubón, Mauricio",643289,2026,39.0,74.0,40.0,23.0,44.0,31.0,19.0,12.0,42,12.0,83.0,19.0,87.0,11.0,79.0,37,94.0,14.0,74.0,21.0
"Jeffers, Ryan",680777,2026,,,,,,,,,91,,,,,,,28,,,,
"Jansen, Danny",643376,2026,,,,,,,,,32,,,,,,,37,,,,
"Thomas, Colby",687515,2026,,,,,,,,,48,,,,,,73.0,68,,,,
"Perkins, Blake",663368,2026,,,,,,,,,25,,,,,,86.0,86,,,,
"Martin, Austin",668885,2026,41.0,33.0,5.0,5.0,76.0,5.0,6.0,16.0,28,7.0,66.0,91.0,75.0,99.0,73.0,59,73.0,,,
"Henderson, Gunnar",683002,2026,30.0,28.0,39.0,42.0,25.0,63.0,38.0,56.0,81,70.0,41.0,33.0,51.0,36.0,75.0,77,45.0,75.0,34.0,51.0
"Jackson, Jeremiah",669236,2026,16.0,57.0,47.0,40.0,3.0,29.0,49.0,51.0,74,38.0,59.0,1.0,39.0,7.0,36.0,43,23.0,,,
"Caballero, José",676609,2026,4.0,18.0,9.0,15.0,6.0,12.0,13.0,1.0,45,4.0,44.0,12.0,38.0,16.0,28.0,67,14.0,11.0,27.0,88.0
"De La Cruz, Elly",682829,2026,89.0,82.0,85.0,83.0,75.0,88.0,91.0,98.0,99,93.0,19.0,65.0,34.0,71.0,89.0,77,91.0,88.0,47.0,68.0
"Espinal, Santiago",669289,2026,,,,,,,,,8,,,,,,,27,,,,
"Moncada, Yoán",660162,2026,,,,,,,,,69,,,,,,,26,,,,
"Wetherholt, JJ",802139,2026,76.0,65.0,67.0,65.0,81.0,66.0,45.0,68.0,48,75.0,80.0,61.0,70.0,90.0,17.0,55,100.0,53.0,86.0,21.0
"Yelich, Christian",592885,2026,25.0,14.0,25.0,37.0,39.0,29.0,41.0,43.0,75,52.0,16.0,71.0,19.0,87.0,,48,,62.0,13.0,21.0
"Madrigal, Nick",663611,2026,,,,,,,,,7,,,,,,,34,,,,
"Wiemer, Joey",686894,2026,,,,,,,,,70,,,,,,,89,,,,
"Groover, LuJames",694410,2026,,,,,,,,,20,,,,,,,34,,,,
"Benson, Will",666181,2026,,,,,,,,,81,,,,,,66.0,88,,,,
"Hernández, Teoscar",606192,2026,48.0,35.0,53.0,59.0,43.0,41.0,60.0,61.0,72,72.0,15.0,55.0,12.0,65.0,71.0,76,32.0,52.0,43.0,14.0
"Myers, Dane",667472,2026,,,,,,,,,64,,,,,,98.0,65,58.0,,,
"Saggese, Thomas",695336,2026,,,,,,,,,60,,,,,,,63,,,,
"Alexander, Blaze",677942,2026,87.0,100.0,82.0,52.0,87.0,26.0,41.0,92.0,89,87.0,48.0,19.0,42.0,51.0,96.0,76,6.0,53.0,55.0,32.0
"Garcia, Jhostynxon",691373,2026,,,,,,,,,60,,,,,,,58,,,,
"Slater, Austin",596103,2026,,,,,,,,,10,,,,,,,66,,,,
"Murakami, Munetaka",808959,2026,91.0,9.0,89.0,98.0,85.0,72.0,99.0,97.0,94,99.0,2.0,100.0,1.0,92.0,6.0,43,59.0,87.0,11.0,4.0
"Ramírez, Agustín",682663,2026,,,,,,,,,97,,,,,,,50,,,,
"Ruiz, Esteury",665923,2026,,,,,,,,,38,,,,,,22.0,95,,,,
"Altuve, Jose",514888,2026,9.0,16.0,14.0,21.0,15.0,31.0,28.0,7.0,32,16.0,49.0,46.0,55.0,17.0,4.0,53,9.0,11.0,76.0,21.0
"Eldridge, Bryce",805811,2026,89.0,67.0,87.0,90.0,78.0,54.0,83.0,92.0,91,98.0,25.0,87.0,49.0,73.0,,23,,,,
"Muncy, Max",571970,2026,87.0,50.0,86.0,92.0,72.0,86.0,88.0,68.0,65,65.0,39.0,81.0,37.0,80.0,33.0,41,81.0,40.0,55.0,75.0
"McMahon, Ryan",641857,2026,36.0,31.0,51.0,59.0,16.0,41.0,69.0,81.0,70,93.0,8.0,31.0,16.0,50.0,53.0,16,79.0,,,
"Rafaela, Ceddanne",678882,2026,9.0,35.0,18.0,17.0,11.0,31.0,21.0,10.0,63,15.0,64.0,7.0,50.0,4.0,92.0,92,99.0,17.0,50.0,51.0
"Stephenson, Tyler",663886,2026,72.0,54.0,80.0,80.0,55.0,58.0,76.0,76.0,45,76.0,30.0,66.0,45.0,94.0,,39,,32.0,70.0,40.0
"Bolte, Henry",703607,2026,22.0,21.0,18.0,23.0,33.0,14.0,35.0,65.0,92,80.0,17.0,24.0,9.0,47.0,88.0,100,50.0,,,
"Mesa Jr., Victor",683748,2026,,,,,,,,,52,,,,,,93.0,61,,,,
"Sogard, Nick",686765,2026,,,,,,,,,6,,,,,,,70,,,,
"Mitchell, Garrett",669003,2026,78.0,70.0,77.0,71.0,75.0,72.0,89.0,92.0,97,88.0,3.0,75.0,2.0,90.0,92.0,98,86.0,98.0,12.0,60.0
"Bruján, Vidal",660644,2026,,,,,,,,,5,,,,,,,14,,,,
"Ballesteros, Moisés",694208,2026,,,,,,,,,77,,,,,,,3,,,,
"Malgeri, Ben",701162,2026,,,,,,,,,18,,,,,,,90,,,,
"Allen, Nick",669397,2026,,,,,,,,,26,,,,,,41.0,38,,,,
"Perdomo, Geraldo",672695,2026,54.0,44.0,13.0,9.0,89.0,14.0,11.0,17.0,63,10.0,94.0,94.0,97.0,93.0,45.0,37,98.0,2.0,93.0,75.0
"House, Brady",691781,2026,,,,,,,,,91,,,,,,,66,9.0,,,
"Pederson, Joc",592626,2026,81.0,61.0,78.0,75.0,76.0,66.0,77.0,87.0,72,88.0,40.0,80.0,24.0,56.0,,7,,47.0,63.0,32.0
"Hernández, Heriberto",681715,2026,89.0,68.0,94.0,95.0,61.0,63.0,86.0,91.0,74,94.0,30.0,56.0,9.0,76.0,83.0,83,72.0,,,
"Bowen, Jase",687749,2026,,,,,,,,,19,,,,,,,94,,,,
"Gray, Tristan",656484,2026,,,,,,,,,76,,,,,,46.0,24,10.0,,,
"Vierling, Matt",663837,2026,29.0,57.0,38.0,27.0,27.0,21.0,23.0,24.0,33,29.0,74.0,22.0,83.0,32.0,28.0,77,79.0,29.0,81.0,40.0
